#{"t_start": 1775583085.4302053, "env_id": "Pyrace-v3"}
r,l,t
-9881.0,37,1.487444
-9816.0,71,1.552949
-9792.0,47,1.595046
-9686.25,121,1.704281
-9839.0,34,1.732832
-9961.5,16,1.748878
-9770.75,83,1.828308
-9739.25,74,1.894876
-9755.75,65,1.954045
-9798.5,44,1.994153
-9869.25,38,2.028226
-9717.75,122,2.133924
-9897.0,30,2.15948
-9581.25,155,2.299894
-9817.5,50,2.34447
-9894.75,51,2.38807
-9781.0,69,2.451838
-9595.5,135,2.571578
-9978.0,15,2.585124
-9890.5,38,2.618691
-9935.25,34,2.647332
-9827.5,64,2.702468
-9726.0,59,2.754384
-9837.75,44,2.795831
-9872.0,39,2.827982
-9389.25,214,3.018118
-9922.5,25,3.041613
-9906.5,28,3.066271
-9780.75,94,3.150697
-9790.0,77,3.219931
-9835.0,60,3.270595
-9916.25,19,4.576885
-9836.5,49,4.690487
-9795.0,86,4.810405
-9917.5,36,4.841644
-9932.75,26,4.862123
-9725.0,87,4.937982
-9870.75,44,4.979005
-9857.25,70,5.040686
-9735.75,89,5.122751
-9921.25,30,5.152735
-9495.0,200,5.376815
-9846.0,58,5.436497
-9612.0,129,5.56983
-9580.0,134,5.798227
-9762.0,81,5.932744
-9882.25,25,5.974413
-9825.0,65,6.068485
-9881.25,58,6.131233
-9624.0,158,6.302172
-9957.75,21,6.322314
-9941.75,31,6.357988
-9825.75,85,6.456277
-9866.25,66,6.539776
-9946.75,30,6.586208
-9747.0,67,6.698833
-9932.0,33,6.734417
-9887.25,34,6.770162
-9944.25,17,6.787233
-9738.75,94,6.897435
-9732.5,86,7.00422
-9472.0,212,9.745646
-9747.75,111,9.89936
-9929.25,34,9.941189
-9930.75,35,9.982786
-9732.25,121,10.117085
-9827.0,57,10.188654
-9733.25,93,10.301962
-9807.25,59,10.42527
-9847.5,69,10.522016
-9581.25,193,10.84569
-9834.75,60,10.927571
-9641.25,148,11.146039
-9477.0,197,11.43711
-9747.0,87,11.544511
-9657.0,104,11.663176
-9609.75,154,11.833973
-9738.25,114,11.954651
-9557.5,151,12.114969
-9860.25,65,12.184746
-9892.25,54,14.018684
-9937.5,27,14.092272
-9756.5,76,14.258878
-9841.5,68,14.362155
-9782.25,102,14.499343
-9692.25,103,14.678039
-9603.25,157,14.889016
-9897.75,27,14.926923
-9609.5,159,15.151506
-9744.5,128,15.317334
-9892.0,47,15.372324
-9845.25,67,15.462612
-9938.0,34,15.523006
-9870.5,53,15.597624
-9851.25,70,15.674126
-9887.5,64,15.745259
-9788.25,82,15.842514
-9539.25,206,16.116009
-9841.25,65,16.201478
-9478.25,186,16.446315
-8260.0,577,19.141211
-9795.75,97,19.262589
-9473.5,247,19.530521
-9860.25,68,19.605149
-9714.75,141,19.7517
-9497.25,225,19.996313
-9885.5,59,20.060752
-9268.5,331,20.417403
-9706.5,150,20.564073
-9779.25,113,20.672401
-9892.5,49,20.725462
-8995.5,477,23.503887
-9368.25,307,24.140153
-9621.75,164,24.341559
-9765.25,78,24.435107
-9477.0,240,24.717802
-9720.0,125,24.859202
-9682.5,147,25.023011
-9455.25,262,25.312587
-9728.5,148,25.464558
-9805.5,94,25.585908
-9761.75,96,25.682873
